<?xml version="1.0" encoding="UTF-8"?>

<!-- New document created with EditiX at Wed May 08 21:07:44 CEST 2013 -->

<formation annee="2012">
	<creneaux>
		<creneau>
			<semestre>T2</semestre>
			<jour>mardi</jour>
			<de>09:00:00</de>
			<a>12:00:00</a>
			<salle>M5-A2</salle>
			<salle>M5−B13</salle>
			<intervenant>Thomas Haessle</intervenant>
			<matiere>QSI</matiere>
		</creneau>
		<creneau>
			<semestre>T2</semestre>
			<jour>mardi</jour>
			<de>10:00:00</de>
			<a>12:00:00</a>
			<salle>M5−A2</salle>
			<salle>M5−B13</salle>
			<intervenant>Laurence Duchien</intervenant>
			<matiere>PEPIT</matiere>
		</creneau>
		<creneau>
			<semestre>T1</semestre>
			<jour>lundi</jour>
			<de>19:00:00</de>
			<a>21:00:00</a>
			<salle>M5-A2</salle>
			<salle>M5−B13</salle>
			<intervenant>Thomas Haessle</intervenant>
			<matiere>math</matiere>
		</creneau>
	</creneaux>
</formation>
