nom ; prenom ;statut;email; entreprise;ville;groupe;mots_cles
BERTEIN;Benjamin;FA;;;;M1INFOFA1;
CALMELS;Matthieu;FA;matthieu.calmels@etudiant.univ-lille1.fr;;;M1INFOFA1;
COLMANT;Maxime;FA;;;;M1INFOFA1;
COUSIN;Nicolas;FA;nicolas1.cousin@etudiant.univ-lille1.fr;;;M1INFOFA1;
DAVID;Amaury;FA;amaury.david@etudiant.univ-lille1.fr;;;M1INFOFA1;
DEFIVES;Kevin;FA;kevin.defives@etudiant.univ-lille1.fr;;;M1INFOFA1;
GALLANT;Guillaume;FA;guillaume.gallant@etudiant.univ-lille1.fr;;;M1INFOFA1;
GUILBERT;Kevin;FA;kevin.guilbert@etudiant.univ-lille1.fr;;;M1INFOFA1;
HECHT;Geoffrey;FA;;;;M1INFOFA1;
HERBULOT;Vincent;FA;vincent.herbulot@etudiant.univ-lille1.fr;;;M1INFOFA1;
HOCHART;Joffroy;FA;;;;M1INFOFA1;
LABAT;Kevin;FA;kevin.labat@etudiant.univ-lille1.fr;;;M1INFOFA1;
LECERF;Valentin;FA;;;;M1INFOFA1;
LEDOUX;Florian;FA;florian.ledoux@etudiant.univ-lille1.fr;;;M1INFOFA1;
MILAN;Julien;FA;julien.milan@etudiant.univ-lille1.fr;;;M1INFOFA1;
MOREAU;Ludovic;FA;;;;M1INFOFA1;
PETIT;Benoit;FA;benoit1.petit@etudiant.univ-lille1.fr;;;M1INFOFA1;
ROUSSEZ;Henri;FA;;;;M1INFOFA1;
NGUYEN QUANG;Tung;FA;;;;M1INFOFA1;