<?xml version="1.0" encoding="UTF-8"?>
<produits>
	<fruit type="clementine" prix="290" calibre="1">
		<producteur>ProductionBastia</producteur>
		<origine region="Corse">France</origine>
		<qtity>15</qtity>
		<note>Sans pepins,avec feuilles</note>
		<bio/>
	</fruit>
	<legume type="courgette" prix="300" calibre="2">
		<producteur>Madrid Hortelano </producteur>
		<origine>Espagne</origine>
		<qtity>100</qtity>
		<bio/>
	</legume>
	<legume type="choufleur" prix="090" calibre="2">
		<producteur>Pontivy e t Cie</producteur>
		<origine region="Bretagne">France</origine>
		<qtity>100</qtity>
	</legume>
	<legume type=" salade" prix="075 " calibre="3">
		<producteur>Marius P r o d u c t i o n</producteur>
		<origine region=" Provence ">France</origine>
		<qtity>35</qtity>
		<note>B a t a v i a</note>
	</legume>
	<fruit type="melon" prix=" 150 " calibre="1">
		<producteur>Marius P r o d u c t i o n</producteur>
		<origine region=" Provence ">France</origine>
		<qtity>50</qtity>
		<note>Melon brode</note>
		<bio/>
	</fruit>
</produits>
