<?xml version="1.0" encoding="UTF-8"?>

<!-- New document created with EditiX at Wed May 01 20:03:41 CEST 2013 -->

 
<liste>
	<livre>
		<titre genre=" j e u ">Le Texas Hold ’Em Poker o n l i n e </titre>
		<auteur>Mark Stohan </auteur>
		<auteur>Robert Bluman</auteur>
		<parution>2006</parution>
	</livre>
	<livre>
		<titre genre="jeu">Sudoku Manga</titre>
		<auteur>Sudoku f a c t o r y </auteur>
		<parution>2007</parution>
	</livre>
	<livre>
		<titre genre="jeu">Kakoku</titre>
		<auteur>H i z i Kagochi </auteur>
		<parution>2005</parution>
	</livre>
	<livre>
		<titre genre="photo">Manuel de l a photo </titre>
		<auteur><name>J a c k i e C o n t i b o e u f 
		</name></auteur>
		<auteur>A l a i n Mocney</auteur>
		<parution>2006</parution>
	</livre>
</liste>
