<?xml version="1.0" encoding="UTF-8"?>

<!-- New document created with EditiX at Wed May 08 12:46:48 CEST 2013 -->

<movies  xmlns:xsi="http://www.w3.org/2001/XMLSchema-instance"
xsi:noNamespaceSchemaLocation="movies.xsd">
	<movie>
		<title>Match Po in t</title>
		<year>2005</year>
		<country>USA</country>
		<genre>Crime</genre>
		<director id="14">
			<name>Woody A l l e n</name>
			<birth>1935</birth>
		</director>
		<actor id="15">
			<name>Jonathan Rhys Meyers</name>
			<birth>1977</birth>
			<role>C h r i s Wilton</role>
		</actor>
		<actor id="16 ">
			<name>S c a r l e t t Johansson</name>
			<birth>1984</birth>
			<role>Nola R ic e</role>
		</actor>
	</movie>
</movies>
