<?xml version="1.0" encoding="UTF-8"?>

<!--NewdocumentcreatedwithEditiXatThuMay0914:31:04CEST2013-->

<clients>
<client id="123456">
<nom>WesAnderson</nom>
<adresse>Houston</adresse>
</client>
<client id="123457">
<nom>MichelGondry</nom>
<adresse>Versailles</adresse>
</client>
<client id="000111">
<nom>AlainResnais</nom>
<adresse>Vannes</adresse>
</client>
<client id="000112">
<nom>TimBurton</nom>
<adresse>Burbank</adresse>
</client>
<client id="000113">
<nom>JacquesAudiard</nom>
<adresse>Paris</adresse>
</client>
<client id="000114">
<nom>TimBurton</nom>
<adresse>Burbank</adresse>
</client>
</clients>

