<?xml version="1.0" encoding="UTF-8"?>

<!-- New document created with EditiX at Thu May 09 14:29:54 CEST 2013 -->


<reservations>
	<reservation>
		<date>2012−05−12</date>
		<trajet>TR323</trajet>
		<client>000111</client>
	</reservation>
	<reservation>
		<date>2012−05−13</date>
		<trajet>TR324</trajet>
		<client>000112</client>
	</reservation>
	<reservation>
		<date>2012−05−14</date>
		<trajet>TR352</trajet>
		<client>000113</client>
	</reservation>
	<reservation>
		<date>2012−05−15</date>
		<trajet>TR361</trajet>
		<client>000114</client>
	</reservation>
</reservations>
