<?xml version="1.0" encoding="UTF-8"?>




<trajets>
	<trajet id="TR361">
		<date>2012-05-30</date>
		<départ>17:20:00</départ>
		<arrivée>18:05:00</arrivée>
		<origine>25000</origine>
		<destination>69125</destination>
	</trajet>
	<trajet id="TR323">
		<date>2012-05-29</date>
		<départ>08:00:00</départ>
		<arrivée>09:45:00</arrivée>
		<origine>59777</origine>
		<destination>57420</destination>
	</trajet>
	<trajet id="TR350">
		<date>2012-05-30</date>
		<départ>23:19:00</départ>
		<arrivée>00:34:00</arrivée>
		<origine>13592</origine>
		<destination>69125</destination>
	</trajet>
	<trajet id="TR321">
		<date>2012-05-29</date>
		<départ>06:00:00</départ>
		<arrivée>08:00:00</arrivée>
		<origine>71210</origine>
		<destination>13592</destination>
	</trajet>
		<trajet id="TR421">
		<date>2012-05-29</date>
		<départ>06:00:00</départ>
		<arrivée>09:00:00</arrivée>
		<origine>71210</origine>
		<destination>13592</destination>
	</trajet>
	<trajet id="TR352">
		<date>2012-05-30</date>
		<départ>12:00:00</départ>
		<arrivée>14:15:00</arrivée>
		<origine>59777</origine>
		<destination>25000</destination>
	</trajet>
	<trajet id="TR324">
		<date>2012-05-30</date>
		<départ>08:00:00</départ>
		<arrivée>09:45:00</arrivée>
		<origine>57420</origine>
		<destination>59777</destination>
	</trajet>
</trajets>
